Věková skupina,Pohlaví,Váhová kategorie,Umístění,Lot,B.weight,Snatch,Clean Jerk,Result,Délka ruky (cm),Délka nohy (cm),Biceps (cm),Stehno (cm),Výška (cm),Handgrip P,Handgrip L,3. pokus,CMJ Height,CMJ Force,CMJ RFD,CMJ Power,SJ Height,SJ Power,SJ Force,Weight,Sinclair
Junior,Ženy,48 kg,1,101.0,47.59,77,98,175,,,,,,,,,,,,,,,,,279.87
Junior,Ženy,48 kg,2,63.0,47.63,78,96,174,59.0,43.0,26.0,52.0,152.0,24.8,24.2,,52.13,2040.87,1308.36,5634.54,46.82,5846.95,2552.64,82.49,278.09
Junior,Ženy,48 kg,3,878.0,47.38,76,94,170,,,,,,,,,,,,,,,,,272.84
Junior,Ženy,48 kg,4,257.0,47.86,70,96,166,,,,,,,,,,,,,,,,,264.28
Junior,Ženy,48 kg,5,874.0,44.89,74,89,163,52.0,42.0,25.5,49.0,157.5,,,,34.45,1113.43,3415.36,2261.41,31.89,3597.93,1485.22,69.9,273.49
Junior,Ženy,48 kg,6,834.0,47.42,70,84,154,,,,,,,,,,,,,,,,,247.0
Junior,Ženy,48 kg,7,412.0,47.79,66,81,147,,,,,,,,,,,,,,,,,234.31
Junior,Ženy,48 kg,8,517.0,47.85,60,80,140,53.0,78.0,28.5,50.0,151.0,30.1,32.1,,37.09,1457.06,8456.27,2669.7,35.49,2595.71,1184.81,49.5,222.93
Junior,Ženy,48 kg,9,135.0,47.71,57,76,133,58.0,76.0,26.0,52.0,157.5,36.5,32.8,,35.23,1143.19,3220.06,2344.45,31.15,2169.52,1017.68,49.76,212.28
Junior,Ženy,53 kg,1,469.0,52.99,85,104,189,55.0,76.0,31.0,57.0,154.5,39.0,35.4,,44.74,1574.09,5973.09,3866.97,40.68,3900.98,1785.29,53.62,278.42
Junior,Ženy,53 kg,2,860.0,52.68,82,101,183,,,,,,,,,,,,,,,,,270.74
Junior,Ženy,53 kg,3,222.0,52.55,84,98,182,,,,,,,,,,,,,,,,,269.75
Junior,Ženy,53 kg,4,1.0,52.79,81,100,181,54.0,73.0,30.0,52.5,159.0,34.9,37.3,,33.41,1601.29,7503.55,3086.41,31.64,2980.86,1453.95,54.56,267.37
Junior,Ženy,53 kg,5,508.0,52.64,75,91,166,56.0,49.0,29.0,53.0,156.0,43.4,42.6,,,,,,,,,,245.72
Junior,Ženy,53 kg,6,778.0,52.07,70,92,162,54.0,48.0,29.0,55.0,157.0,41.3,42.3,,35.23,1456.31,6705.59,3058.24,29.93,2919.93,1553.78,53.05,241.73
Junior,Ženy,53 kg,7,994.0,51.93,69,92,161,,,,,,,,,,,,,,,,,240.72
Junior,Ženy,53 kg,8,51.0,52.3,70,86,156,,,,,,,,,,,,,,,,,232.02
Junior,Ženy,53 kg,9,576.0,52.14,70,85,155,,,,,,,,,,,,,,,,,231.06
Junior,Ženy,53 kg,10,170.0,52.62,65,87,152,,,,,,,,,,,,,,,,,225.06
Junior,Ženy,53 kg,11,908.0,52.19,68,83,151,54.0,44.0,26.0,55.0,149.0,36.1,33.8,,35.23,1341.53,3198.42,2922.82,32.9,2910.21,1443.49,160.79,224.94
Junior,Ženy,53 kg,12,634.0,52.07,65,84,149,57.0,82.0,24.5,55.0,160.5,32.7,24.8,31.0,32.4,1651.5,9948.44,2891.28,30.66,3027.7,1606.58,53.32,222.33
Junior,Ženy,58 kg,1,747.0,56.9,91,123,214,,,,,,,,,,,,,,,,,299.85
Junior,Ženy,58 kg,2,233.0,57.33,87,118,205,,,,,,,,,,,,,,,,,285.78
Junior,Ženy,58 kg,3,917.0,57.27,90,114,204,57.0,79.0,30.0,56.0,159.0,36.2,36.2,,46.53,2330.26,10270.99,5322.17,44.44,3900.34,1613.13,64.43,284.59
Junior,Ženy,58 kg,4,727.0,56.85,86,106,192,,,,,,,,,,,,,,,,,269.18
Junior,Ženy,58 kg,5,983.0,57.11,84,103,187,,,,,,,,,,,,,,,,,261.36
Junior,Ženy,58 kg,6,521.0,57.37,84,103,187,,,,,,,,,,,,,,,,,260.56
Junior,Ženy,58 kg,7,936.0,57.63,80,107,187,,,,,,30.4,35.2,,,,,,,,,,259.77
Junior,Ženy,58 kg,8,630.0,57.91,80,106,186,,,,,,,,,,,,,,,,,257.55
Junior,Ženy,58 kg,9,769.0,57.4,81,101,182,61.0,81.0,29.0,56.0,166.0,41.9,50.0,,40.12,1484.73,5605.73,3579.48,40.12,3393.07,1329.52,78.73,253.51
Junior,Ženy,58 kg,10,24.0,57.57,78,100,178,,,,,,,,,,,,,,,,,247.44
Junior,Ženy,58 kg,11,963.0,57.42,77,91,168,,,,,,,,,,,,,,,,,233.95
Junior,Ženy,58 kg,12,577.0,57.97,77,87,164,57.0,78.0,30.0,58.0,156.5,38.9,30.1,,35.76,1536.95,6994.09,3250.44,33.16,3077.25,1391.06,142.38,226.93
Junior,Ženy,58 kg,13,663.0,55.71,73,87,160,,,,,,,,,,,,,,,,,227.46
Junior,Ženy,58 kg,14,695.0,57.29,72,83,155,58.0,82.0,28.0,56.0,163.0,34.5,29.7,,39.28,1559.61,7048.27,3370.89,35.74,3324.9,1516.44,58.31,216.18
Junior,Ženy,63 kg,1,514.0,62.16,98,118,216,,,,,,,,,,,,,,,,,285.78
Junior,Ženy,63 kg,2,367.0,62.65,97,115,212,,,,,,,,,,,,,,,,,279.13
Junior,Ženy,63 kg,3,221.0,62.8,87,114,201,55.0,49.0,33.0,60.0,158.0,38.3,43.9,,29.2,1868.53,9017.81,3387.49,30.17,3471.32,1683.13,64.0,264.26
Junior,Ženy,63 kg,4,437.0,61.4,90,110,200,53.0,77.0,31.5,57.0,154.0,43.6,36.8,,,,,,,,,,266.64
Junior,Ženy,63 kg,5,478.0,62.64,91,108,199,58.0,77.0,30.0,58.0,158.0,44.5,40.7,,51.81,2693.53,4852.0,7561.19,47.44,8246.48,3120.27,110.89,262.04
Junior,Ženy,63 kg,6,472.0,62.0,85,114,199,57.0,81.0,32.0,57.0,165.0,37.4,34.5,,45.63,1724.37,7203.79,3682.46,42.11,4030.58,1758.49,63.96,263.71
Junior,Ženy,63 kg,7,676.0,62.92,89,107,196,,,,,,,,,,,,,,,,,257.39
Junior,Ženy,63 kg,8,198.0,62.2,87,106,193,,,,,,,,,,,,,,,,,255.25
Junior,Ženy,63 kg,9,201.0,62.1,85,106,191,56.0,77.0,31.0,62.0,156.5,40.9,34.1,,41.25,1825.83,6618.67,4612.2,40.97,4390.9,1741.05,72.17,252.85
Junior,Ženy,63 kg,10,865.0,62.89,84,106,190,57.0,80.0,32.0,59.0,157.5,39.5,39.2,,,,,,,,,,249.58
Junior,Ženy,63 kg,11,10.0,62.75,85,104,189,57.0,84.0,32.0,55.5,166.5,45.9,37.7,L40.8,,,,,,,,,248.61
Junior,Ženy,63 kg,12,466.0,62.48,85,101,186,,,,,,,,,,,,,,,,,245.31
Junior,Ženy,63 kg,13,169.0,62.7,77,104,181,,,,,,,,,,,,,,,,,238.2
Junior,Ženy,63 kg,14,283.0,62.7,79,101,180,52.0,48.0,32.5,60.0,158.0,35.2,31.4,,44.42,1624.66,3766.27,3956.63,41.24,3788.51,1577.13,66.03,236.88
Junior,Ženy,63 kg,15,70.0,62.21,77,99,176,56.0,79.0,30.0,60.0,164.5,41.9,42.6,,,,,,,,,,232.74
Junior,Ženy,63 kg,16,957.0,62.5,78,97,175,61.0,81.0,30.5,59.0,163.0,38.7,39.3,,54.72,1882.35,7038.36,4601.76,53.41,4559.68,1883.21,64.56,230.75
Junior,Ženy,63 kg,17,167.0,61.0,77,96,173,61.0,79.0,30.0,58.0,164.0,46.3,41.4,,34.19,1567.03,6392.8,3436.92,31.64,3419.91,1620.91,61.4,231.6
Junior,Ženy,63 kg,18,430.0,62.58,75,95,170,60.0,84.0,31.0,58.0,164.0,40.9,38.4,,,,,,,,,,223.99
Junior,Ženy,63 kg,19,67.0,62.86,74,94,168,,,,,,,,,,,,,,,,,220.75
Junior,Ženy,63 kg,20,498.0,62.27,74,91,165,58.0,81.0,29.0,59.0,162.5,42.3,37.9,,,,,,,,,,218.06
Junior,Ženy,63 kg,21,689.0,61.59,73,90,163,65.0,83.0,31.0,60.0,162.5,39.7,29.3,,,,,,,,,,216.89
Junior,Ženy,63 kg,22,191.0,61.16,70,87,157,58.0,83.0,29.0,56.0,168.0,34.8,38.7,,37.09,1462.84,4925.88,3390.39,33.93,3265.15,1453.99,61.5,209.83
Junior,Ženy,63 kg,23,911.0,62.41,70,84,154,59.0,89.0,28.0,59.0,168.0,34.9,29.6,,31.88,1403.85,1508.05,3235.28,36.29,3421.64,1373.74,105.19,203.24
Junior,Ženy,69 kg,1,871.0,68.8,102,118,220,,,,,,50.8,46.4,,,,,,,,,,274.32
Junior,Ženy,69 kg,2,487.0,68.66,93,119,212,,,,,,,,,,,,,,,,,264.64
Junior,Ženy,69 kg,3,855.0,68.68,92,118,210,57.0,73.0,32.0,57.0,156.0,39.3,37.2,,50.86,2294.17,7578.29,5200.36,39.84,4617.59,2036.15,88.75,262.1
Junior,Ženy,69 kg,4,322.0,68.52,92,117,209,,,,,,,,,,,,,,,,,261.19
Junior,Ženy,69 kg,5,965.0,68.36,92,115,207,,,,,,,,,,,,,,,,,259.03
Junior,Ženy,69 kg,6,415.0,68.3,92,112,204,55.0,76.0,36.0,64.0,156.0,55.8,48.6,,50.54,2133.83,7625.48,5048.8,46.83,5025.32,1988.14,79.46,255.4
Junior,Ženy,69 kg,7,444.0,68.15,92,109,201,,,,,,,,,,,,,,,,,251.95
Junior,Ženy,69 kg,8,475.0,68.61,90,109,199,59.0,81.0,31.0,61.0,163.5,,,,,,,,,,,,248.51
Junior,Ženy,69 kg,9,519.0,65.29,89,110,199,,,,,,,,,,,,,,,,,255.61
Junior,Ženy,69 kg,10,241.0,68.53,86,113,199,60.0,81.0,32.0,60.0,164.0,49.0,43.4,,49.62,2859.2,515.08,6945.1,45.61,7294.38,2955.16,96.94,248.67
Junior,Ženy,69 kg,11,669.0,67.61,91,106,197,61.0,83.0,30.0,60.0,166.5,39.3,41.4,,35.49,1535.32,4606.7,3674.39,32.4,3394.24,1539.85,67.69,248.03
Junior,Ženy,69 kg,12,295.0,66.45,86,108,194,61.0,82.0,31.5,60.0,163.5,42.9,40.6,,,,,,,,,,246.66
Junior,Ženy,69 kg,13,228.0,66.78,84,104,188,54.0,79.0,31.0,60.0,154.0,43.0,40.9,43.6,,,,,,,,,238.36
Junior,Ženy,69 kg,14,483.0,67.94,81,106,187,53.0,45.0,34.0,62.0,152.0,39.3,41.0,,,,,,,,,,234.8
Junior,Ženy,69 kg,15,116.0,67.18,80,107,187,58.0,81.0,32.0,61.0,162.0,34.5,34.5,,35.23,1720.29,6264.58,3366.68,28.02,3266.04,1624.43,68.21,236.29
Junior,Ženy,69 kg,16,404.0,65.95,81,100,181,,,,,,,,,,,,,,,,,231.14
Junior,Ženy,69 kg,17,937.0,68.72,80,98,178,,,,,,,,,,,,,,,,,222.09
Junior,Ženy,69 kg,18,797.0,65.98,75,96,171,59.0,82.0,30.0,61.0,164.0,44.1,42.4,,32.9,1500.8,2766.78,3369.49,28.71,3235.49,1506.99,65.35,218.31
Junior,Ženy,69 kg,19,907.0,67.8,79,91,170,61.0,90.0,29.0,62.0,172.5,49.7,48.3,,44.44,1587.33,5168.13,4116.35,42.98,4349.36,1721.63,67.43,213.7
Junior,Ženy,69 kg,20,812.0,67.84,75,94,169,,,,,,,,,,,,,,,,,212.37
Junior,Ženy,77 kg,1,841.0,75.62,109,135,244,56.0,76.0,35.0,66.0,157.5,41.4,43.3,,,,,,,,,,289.74
Junior,Ženy,77 kg,2,255.0,76.74,105,125,230,57.0,84.0,32.5,67.0,167.5,42.1,39.9,,44.15,2083.5,9157.33,4775.89,42.98,4649.09,1892.63,60.15,271.19
Junior,Ženy,77 kg,3,721.0,76.63,98,130,228,52.0,41.0,38.5,46.0,151.5,51.1,51.7,,33.16,2129.09,11722.65,4006.61,33.67,4134.27,2056.4,77.43,269.02
Junior,Ženy,77 kg,4,442.0,76.59,101,126,227,57.0,82.0,33.0,64.0,162.5,38.2,42.6,,,,,,,,,,267.91
Junior,Ženy,77 kg,5,623.0,76.48,94,122,216,,,,,,,,,,,,,,,,,255.1
Junior,Ženy,77 kg,6,857.0,76.32,85,103,188,63.0,81.0,34.0,54.0,175.0,42.3,42.1,,56.7,2022.38,9902.37,4305.15,44.44,4730.66,1944.74,61.9,222.25
Junior,Ženy,77 kg,7,889.0,74.33,81,106,187,,,,,,,,,,,,,,,,,223.93
Junior,Ženy,77 kg,8,816.0,73.32,80,106,186,60.0,82.0,34.0,64.0,168.0,47.0,44.3,,42.69,1986.0,9494.43,4408.52,40.4,4375.48,1822.22,74.1,224.27
Junior,Ženy,77 kg,9,454.0,74.73,86,99,185,,,,,,,,,,,,,,,,,220.95
Junior,Ženy,77 kg,10,896.0,71.27,84,101,185,,,,,,,,,,,,,,,,,226.35
Junior,Ženy,77 kg,11,700.0,76.99,79,103,182,,,,,,,,,,,,,,,,,214.27
Junior,Ženy,86 kg,1,384.0,85.68,105,136,241,60.0,79.0,38.0,62.0,162.5,57.2,49.3,,39.01,2413.79,11355.5,4543.12,36.83,4372.64,2124.2,86.66,270.81
Junior,Ženy,86 kg,2,716.0,85.72,107,132,239,,,,,,,,,,,,,,,,,268.51
Junior,Ženy,86 kg,3,723.0,81.96,105,130,235,62.0,84.0,33.0,65.0,174.0,47.3,51.9,,47.14,2194.65,6485.97,5635.53,43.27,5633.63,2398.27,87.05,268.97
Junior,Ženy,86 kg,4,288.0,85.61,105,127,232,,,,,,,,,,,,,,,,,260.78
Junior,Ženy,86 kg,5,580.0,85.76,100,128,228,60.0,83.0,36.0,69.5,162.0,42.6,40.7,,,,,,,,,,256.1
Junior,Ženy,86 kg,6,407.0,85.29,104,120,224,66.0,90.0,32.0,64.0,179.5,,,,,,,,,,,,252.16
Junior,Ženy,86 kg,7,96.0,85.58,99,120,219,,,,,,,,,,,,,,,,,246.2
Junior,Ženy,86 kg,8,538.0,83.55,93,120,213,,,,,,,,,,,,,,,,,241.81
Junior,Ženy,86 kg,9,807.0,85.92,96,116,212,57.0,79.0,35.0,69.0,164.0,46.1,34.8,,31.4,1795.06,3553.4,4021.91,28.5,4210.09,2171.78,87.99,237.95
Junior,Ženy,86 kg,10,373.0,81.55,82,105,187,,,,,,,,,,,,,,,,,214.49
Junior,Ženy,86 kg,11,770.0,81.88,76,103,179,,,,,,,,,,,,,,,,,204.96
Junior,Ženy,86 kg,12,591.0,77.73,76,100,176,,,,,,,,,,,,,,,,,206.28
Junior,Ženy,+86 kg,1,837.0,112.25,111,134,245,,,,,,,,,,,,,,,,,253.4
Junior,Ženy,+86 kg,2,719.0,87.04,107,128,235,57.0,81.0,37.0,44.0,163.5,43.9,43.3,,,,,,,,,,262.43
Junior,Ženy,+86 kg,3,150.0,97.09,98,127,225,56.0,75.0,39.0,69.0,162.5,51.0,53.7,,51.17,2663.69,3838.82,7503.61,50.54,7538.27,2789.13,109.69,241.81
Junior,Ženy,+86 kg,3,150.0,97.09,98,127,225,56.0,75.0,39.0,69.0,162.5,40.7,32.7,,51.17,2663.69,3838.82,7503.61,50.54,7538.27,2789.13,109.69,241.81
Junior,Ženy,+86 kg,3,150.0,97.09,98,127,225,56.0,80.0,29.0,58.0,162.0,51.0,53.7,,51.17,2663.69,3838.82,7503.61,50.54,7538.27,2789.13,109.69,241.81
Junior,Ženy,+86 kg,3,150.0,97.09,98,127,225,56.0,80.0,29.0,58.0,162.0,40.7,32.7,,51.17,2663.69,3838.82,7503.61,50.54,7538.27,2789.13,109.69,241.81
Junior,Ženy,+86 kg,4,696.0,90.34,107,117,224,60.0,84.0,38.0,66.0,140.0,56.3,60.4,,39.02,2046.44,4126.39,5037.66,32.15,4913.26,2250.31,91.87,246.67
Junior,Ženy,+86 kg,5,362.0,87.49,99,118,217,55.0,85.0,33.0,64.0,161.0,45.9,46.4,,,,,,,,,,241.85
Junior,Ženy,+86 kg,6,773.0,87.18,96,110,206,,,,,,,,,,,,,,,,,229.9
Junior,Ženy,+86 kg,7,740.0,98.42,90,114,204,,,,,,,,,,,,,,,,,218.32
Junior,Ženy,+86 kg,8,969.0,90.65,87,114,201,58.0,85.0,36.0,72.0,169.5,32.4,39.0,,,,,,,,,,221.07
Junior,Ženy,+86 kg,9,904.0,92.41,88,105,193,,,,,,,,,,,,,,,,,210.83
Junior,Ženy,+86 kg,10,308.0,98.52,75,87,162,,,,,,,,,,,,,,,,,173.32
Junior,Muži,60 kg,1,387.0,59.95,119,148,267,,,,,,,,,,,,,,,,,411.02
Junior,Muži,60 kg,2,350.0,59.72,121,145,266,58.0,77.5,31.5,53.0,165.0,55.3,52.2,P57.1,55.38,2492.33,8765.0,5898.17,50.86,4778.63,1799.41,87.4,410.65
Junior,Muži,60 kg,3,800.0,59.77,119,143,262,,,,,,,,,,,,,,,,,404.22
Junior,Muži,60 kg,4,376.0,59.14,110,147,257,55.0,74.0,32.0,53.0,160.5,54.6,52.9,,45.64,1900.27,9330.46,4137.11,37.11,3806.39,1698.81,59.79,399.63
Junior,Muži,60 kg,5,182.0,59.54,105,139,244,,,,,,,,,,,,,,,,,377.52
Junior,Muži,60 kg,6,613.0,59.72,110,130,240,,,,,,,,,,,,,,,,,370.51
Junior,Muži,60 kg,7,363.0,59.65,110,130,240,60.0,82.0,30.0,54.0,165.5,49.6,42.6,,46.24,1383.66,2839.49,3494.24,39.01,3533.25,1491.39,60.27,370.83
Junior,Muži,60 kg,8,942.0,59.87,108,122,230,,,,,,,,,,,,,,,,,354.41
Junior,Muži,60 kg,9,210.0,53.51,105,125,230,58.0,44.0,"31,5",53.0,158.0,46.9,43.1,,49.29,1541.19,6478.53,3929.68,38.72,3504.24,1353.16,57.73,386.51
Junior,Muži,65 kg,1,844.0,64.66,126,156,282,63.0,79.0,34.0,60.0,162.0,27.6,25.2,,55.38,1969.2,5082.96,5749.62,54.72,5533.3,1905.9,79.12,411.35
Junior,Muži,65 kg,1,844.0,64.66,126,156,282,63.0,79.0,34.0,60.0,162.0,57.8,57.1,,55.38,1969.2,5082.96,5749.62,54.72,5533.3,1905.9,79.12,411.35
Junior,Muži,65 kg,1,844.0,64.66,126,156,282,69.0,93.0,37.0,60.0,184.0,27.6,25.2,,55.38,1969.2,5082.96,5749.62,54.72,5533.3,1905.9,79.12,411.35
Junior,Muži,65 kg,1,844.0,64.66,126,156,282,69.0,93.0,37.0,60.0,184.0,57.8,57.1,,55.38,1969.2,5082.96,5749.62,54.72,5533.3,1905.9,79.12,411.35
Junior,Muži,65 kg,2,464.0,64.06,125,153,278,59.0,80.0,33.0,57.0,166.5,59.3,54.9,,59.04,1868.17,4399.48,5023.14,59.4,5192.4,1746.33,64.35,408.14
Junior,Muži,65 kg,3,484.0,64.44,124,154,278,58.0,71.0,30.0,56.0,171.0,50.4,55.0,,53.74,1663.58,4860.96,4777.74,42.98,4165.56,1802.02,55.17,406.47
Junior,Muži,65 kg,4,112.0,64.87,120,155,275,60.0,48.0,40.5,57.0,165.5,49.4,55.6,,,,,,,,,,400.24
Junior,Muži,65 kg,5,452.0,64.83,125,145,270,59.0,80.0,33.0,56.0,162.5,48.1,47.0,,,,,,,,,,393.13
Junior,Muži,65 kg,6,920.0,64.53,118,150,268,58.0,79.0,34.0,55.0,161.5,49.7,43.0,,,,,,,,,,391.47
Junior,Muži,65 kg,7,225.0,64.64,114,152,266,57.0,81.0,33.0,54.0,169.5,47.9,51.4,,60.09,1852.14,6522.33,5044.86,49.91,4954.79,1984.2,71.11,388.09
Junior,Muži,65 kg,8,158.0,63.83,118,141,259,,,,,,,,,,,,,,,,,381.19
Junior,Muži,65 kg,9,249.0,64.0,110,143,253,,,,,,,,,,,,,,,,,371.67
Junior,Muži,65 kg,10,924.0,64.38,112,140,252,60.0,82.0,33.0,58.5,166.0,56.4,45.4,,57.37,1891.27,6794.23,4748.24,49.29,4565.27,2130.53,51.73,368.69
Junior,Muži,65 kg,11,424.0,64.18,112,135,247,60.0,49.0,34.0,58.0,162.0,42.4,44.6,,,,,,,,,,362.15
Junior,Muži,65 kg,12,611.0,61.25,97,121,218,59.0,81.0,32.0,55.0,164.5,55.0,51.1,,58.38,1871.56,7404.81,4330.39,46.23,4878.64,2010.77,157.78,330.38
Junior,Muži,65 kg,13,459.0,61.12,90,115,205,60.0,82.0,37.5,55.0,164.0,56.8,52.9,,59.74,1674.88,3736.47,4579.66,55.05,4339.59,1526.15,61.59,311.16
Junior,Muži,71 kg,1,561.0,70.65,145,176,321,,,,,,,,,,,,,,,,,441.62
Junior,Muži,71 kg,2,718.0,70.78,143,175,318,,,,,,,,,,,,,,,,,436.98
Junior,Muži,71 kg,3,237.0,69.52,136,164,300,,,,,,,,,,,,,,,,,416.99
Junior,Muži,71 kg,4,52.0,70.44,131,167,298,56.0,77.0,34.0,55.0,167.0,53.9,48.4,,,,,,,,,,410.75
Junior,Muži,71 kg,5,117.0,70.83,135,156,291,,,,,,,,,,,,,,,,,399.7
Junior,Muži,71 kg,6,479.0,70.13,130,160,290,57.0,76.0,34.0,58.0,166.5,56.0,55.6,,,,,,,,,,400.84
Junior,Muži,71 kg,7,745.0,70.99,130,160,290,,,,,,,,,,,,,,,,,397.76
Junior,Muži,71 kg,8,522.0,70.43,128,157,285,60.0,75.0,38.0,57.0,164.0,69.7,65.7,,,,,,,,,,392.86
Junior,Muži,71 kg,9,311.0,70.8,125,160,285,,,,,,,,,,,,,,,,,391.56
Junior,Muži,71 kg,10,772.0,70.25,126,156,282,58.0,78.0,36.0,58.5,166.5,58.8,48.3,,45.03,1974.16,5544.51,4939.96,39.28,5072.55,2199.82,73.04,389.36
Junior,Muži,71 kg,11,121.0,70.81,124,150,274,62.0,84.0,34.0,55.0,172.5,45.7,47.6,,54.39,1962.11,6979.32,5299.1,46.53,5375.98,2172.63,92.29,376.42
Junior,Muži,71 kg,12,762.0,70.64,120,146,266,60.0,82.0,35.5,60.0,172.0,68.0,65.7,,69.34,2602.14,12528.21,5298.62,58.38,5327.23,1898.87,73.63,365.98
Junior,Muži,71 kg,13,69.0,70.68,120,143,263,,,,,,,,,,,,,,,,,361.73
Junior,Muži,71 kg,14,991.0,70.41,115,146,261,63.0,80.0,33.0,58.0,172.0,70.1,63.1,,53.09,2081.6,5623.61,5544.62,38.73,4837.21,2184.86,73.28,359.85
Junior,Muži,71 kg,15,388.0,70.84,110,150,260,55.0,79.4,33.0,61.0,157.5,44.7,44.4,P49.7,38.73,1990.15,6008.24,4408.04,38.72,4731.01,2304.71,73.73,357.09
Junior,Muži,71 kg,16,643.0,69.93,121,134,255,60.0,81.0,34.5,59.0,141.5,55.4,53.5,,74.99,2008.74,7668.82,5845.14,58.38,5722.59,2032.79,70.36,353.11
Junior,Muži,71 kg,17,833.0,70.33,115,137,252,68.0,88.0,35.0,56.0,182.0,66.7,62.2,,61.12,1906.0,6711.72,5317.35,48.98,4819.24,1940.62,58.06,347.69
Junior,Muži,71 kg,18,88.0,70.97,112,137,249,,,,,,,,,,,,,,,,,341.59
Junior,Muži,71 kg,19,273.0,70.87,106,142,248,,,,,,,,,,,,,,,,,340.52
Junior,Muži,79 kg,1,330.0,78.67,151,189,340,62.0,83.0,38.0,56.0,169.5,69.1,65.1,,,,,,,,,,438.57
Junior,Muži,79 kg,2,45.0,78.79,150,188,338,61.0,89.0,38.0,64.0,164.5,65.0,66.4,P69.3,,,,,,,,,435.62
Junior,Muži,79 kg,3,635.0,77.94,155,177,332,59.0,70.0,36.0,61.0,171.0,75.4,65.1,,53.09,2248.13,8553.8,5967.63,48.98,5347.53,2033.76,74.28,430.53
Junior,Muži,79 kg,4,319.0,77.76,152,174,326,,,,,,,,,,,,,,,,,423.31
Junior,Muži,79 kg,5,234.0,78.0,144,175,319,63.0,81.0,34.5,63.0,173.0,43.9,60.0,,22.05,2691.22,1190.86,3932.16,,,,78.2,413.49
Junior,Muži,79 kg,5,234.0,78.0,144,175,319,63.0,81.0,34.5,63.0,173.0,43.9,60.0,,46.23,2431.56,9205.87,5786.34,29.68,2728.57,1329.89,60.65,413.49
Junior,Muži,79 kg,6,332.0,78.69,143,175,318,64.0,83.0,36.0,62.0,142.0,66.7,59.2,,,,,,,,,,410.14
Junior,Muži,79 kg,7,264.0,78.87,133,173,306,60.0,81.0,36.0,62.0,164.5,66.4,62.4,,48.67,2343.68,6832.72,6245.17,39.01,5442.94,2724.27,80.19,394.15
Junior,Muži,79 kg,8,148.0,77.09,133,160,293,62.0,82.0,38.0,61.0,167.0,60.0,61.0,,45.63,2348.63,6773.21,5804.27,31.4,3509.25,1649.83,71.85,382.36
Junior,Muži,79 kg,9,996.0,76.6,129,158,287,61.0,84.0,36.0,58.0,172.0,57.2,56.1,,47.14,1931.38,5275.76,4612.58,,,,78.0,375.91
Junior,Muži,79 kg,10,856.0,75.01,131,152,283,65.0,85.0,33.0,62.0,179.0,58.9,51.1,,,,,,,,,,375.28
Junior,Muži,79 kg,11,529.0,77.39,121,150,271,64.0,82.0,35.5,63.0,172.0,64.6,65.4,,52.77,2004.88,4506.08,5259.22,53.41,6534.1,2227.62,78.73,352.86
Junior,Muži,79 kg,12,751.0,77.49,113,146,259,61.0,84.0,35.0,58.0,177.0,57.8,60.7,,60.43,2217.48,9021.58,5728.47,51.17,5624.06,2118.45,,336.98
Junior,Muži,79 kg,13,293.0,78.6,122,135,257,,,,,,,,,54.06,2109.22,7285.0,5012.31,48.67,5084.52,1996.67,65.09,331.68
Junior,Muži,88 kg,1,897.0,87.04,154,191,345,60.0,79.0,36.0,67.0,169.5,72.6,71.7,,60.07,2223.53,8954.96,5563.54,56.04,5711.87,1995.87,77.95,421.65
Junior,Muži,88 kg,2,53.0,82.1,150,185,335,67.0,88.0,36.0,60.0,174.0,70.9,79.9,,69.71,2297.19,6320.41,6761.76,63.22,7026.39,2385.84,82.27,422.06
Junior,Muži,88 kg,3,422.0,85.79,151,183,334,,,,,,,,,,,,,,,,,411.21
Junior,Muži,88 kg,4,683.0,87.6,143,180,323,65.0,84.0,39.5,68.0,175.0,73.1,64.4,,,,,,,,,,393.5
Junior,Muži,88 kg,5,61.0,87.08,142,173,315,68.0,84.0,37.5,67.0,173.5,69.7,66.0,,53.76,2056.1,1763.14,5418.4,56.04,4900.05,1842.58,70.18,384.89
Junior,Muži,88 kg,6,41.0,83.67,142,173,315,59.0,83.0,39.5,64.0,141.5,60.7,59.8,,,,,,,,,,392.88
Junior,Muži,88 kg,7,276.0,84.71,146,167,313,61.0,82.0,39.0,63.0,170.5,63.0,65.4,,35.49,2343.52,195.85,4516.52,31.89,4716.45,1990.48,54.27,387.87
Junior,Muži,88 kg,8,54.0,86.95,138,165,303,64.0,89.0,37.0,58.0,182.5,72.0,43.1,,,,,,,,,,370.51
Junior,Muži,88 kg,9,926.0,87.47,128,164,292,67.0,91.0,37.0,62.0,179.5,66.6,68.0,,53.41,2298.62,7176.76,5567.39,43.27,5143.69,2208.46,63.96,355.99
Junior,Muži,88 kg,10,224.0,86.5,133,158,291,62.0,80.0,37.0,66.0,171.5,57.5,53.5,,57.71,2144.18,4182.44,6361.76,55.72,6470.79,2293.16,89.89,356.77
Junior,Muži,88 kg,11,763.0,87.44,131,160,291,,,,,,,,,,,,,,,,,354.84
Junior,Muži,88 kg,12,266.0,87.49,132,157,289,40.0,94.0,36.0,63.0,186.5,68.0,73.4,79.9L,60.09,2236.33,6925.3,6416.0,41.82,6086.81,2474.01,92.39,352.3
Junior,Muži,88 kg,13,665.0,87.54,125,161,286,,,,,,,,,,,,,,,,,348.54
Junior,Muži,88 kg,14,100.0,86.95,125,151,276,65.0,89.0,36.5,65.0,182.0,59.6,53.3,,53.74,2276.17,7980.17,5824.32,48.67,5237.06,2013.99,87.08,337.49
Junior,Muži,88 kg,15,528.0,87.95,115,153,268,66.0,85.0,38.0,63.0,179.5,57.9,55.7,,49.62,2278.42,8998.87,5697.55,43.85,5371.88,2334.28,89.08,325.85
Junior,Muži,88 kg,16,114.0,87.8,122,145,267,60.0,79.0,31.0,54.5,165.0,52.9,48.3,,42.98,2909.03,4360.89,7639.14,39.56,7525.53,2927.77,131.26,324.91
Junior,Muži,88 kg,17,102.0,86.22,121,145,266,,,,,,,,,,,,,,,,,326.65
Junior,Muži,88 kg,18,854.0,87.21,122,135,257,67.0,92.0,35.0,56.5,185.0,48.0,47.4,P49.9,44.15,1628.26,1080.99,3501.43,39.28,3646.38,1730.74,62.32,313.79
Junior,Muži,94 kg,1,37.0,93.68,166,197,363,65.0,90.0,38.0,68.0,169.5,80.3,67.9,,55.71,2577.59,10422.36,7378.56,53.09,6077.54,2260.47,80.75,428.3
Junior,Muži,94 kg,2,909.0,93.33,165,195,360,65.0,88.0,36.5,58.0,177.0,62.0,61.6,,59.4,2712.77,10960.81,7266.98,54.39,7085.67,2618.55,94.78,425.49
Junior,Muži,94 kg,3,619.0,93.47,162,194,356,62.0,82.2,39.0,70.0,177.5,72.7,64.4,,50.86,2592.58,9621.78,6769.55,45.63,6465.66,2537.61,107.65,420.47
Junior,Muži,94 kg,4,842.0,93.63,153,196,349,63.0,83.0,38.0,65.0,166.0,69.1,53.5,,,,,,,,,,411.88
Junior,Muži,94 kg,5,349.0,93.8,155,185,340,,,,,,,,,,,,,,,,,400.93
Junior,Muži,94 kg,6,496.0,92.79,145,183,328,,,,,,,,,,,,,,,,,388.7
Junior,Muži,94 kg,7,157.0,89.85,143,180,323,,,,,,,,,,,,,,,,,388.64
Junior,Muži,94 kg,8,451.0,91.2,148,170,318,65.0,90.0,39.0,61.0,184.5,83.1,75.1,,,,,,,,,,379.91
Junior,Muži,94 kg,9,777.0,93.34,145,165,310,,,,,,,,,,,,,,,,,366.38
Junior,Muži,94 kg,10,978.0,92.4,128,166,294,69.0,92.0,37.0,60.0,183.0,52.4,47.6,,,,,,,,,,349.09
Junior,Muži,94 kg,11,188.0,92.75,137,156,293,,,,,,,,,,,,,,,,,347.3
Junior,Muži,94 kg,12,,89.97,131,158,289,,,,,,,,,,,,,,,,,347.51
Junior,Muži,94 kg,13,699.0,93.88,119,150,269,65.0,85.0,39.5,66.0,179.5,65.3,63.2,,49.29,3033.09,393.56,5459.09,46.53,4689.08,1942.55,78.75,317.08
Junior,Muži,110 kg,1,307.0,109.83,171,203,374,62.0,85.0,42.0,73.0,175.5,65.1,60.6,,54.72,2906.38,8149.93,7848.6,51.49,8242.65,2931.7,71.66,413.7
Junior,Muži,110 kg,2,892.0,108.93,170,202,372,,,,,,,,,,,,,,,,,412.7
Junior,Muži,110 kg,3,987.0,109.3,166,198,364,,,,,,,,,,,,,,,,,403.33
Junior,Muži,110 kg,4,58.0,99.98,167,190,357,65.0,90.0,42.0,69.0,184.5,52.2,68.1,P66.4,,,,,,,,,409.46
Junior,Muži,110 kg,5,91.0,109.83,158,199,357,64.0,83.0,40.0,72.0,175.5,69.0,66.9,,37.36,2734.12,5009.77,6541.24,31.15,3325.54,1592.09,63.77,394.89
Junior,Muži,110 kg,6,137.0,104.94,159,197,356,,,,,,,,,,,,,,,,,400.48
Junior,Muži,110 kg,7,575.0,105.38,161,190,351,,,,,,,,,,,,,,,,,394.23
Junior,Muži,110 kg,8,318.0,109.75,151,186,337,,,,,,,,,,,,,,,,,372.87
Junior,Muži,110 kg,9,192.0,102.89,153,178,331,,,,,,,,,,,,,,,,,375.24
Junior,Muži,110 kg,10,804.0,94.85,142,176,318,,,,,,,,,,,,,,,,,373.11
Junior,Muži,110 kg,11,382.0,105.94,146,170,316,73.0,93.0,41.5,65.0,195.0,70.4,67.7,,49.91,1856.01,4212.76,4887.83,44.44,5043.52,2096.35,72.08,354.2
Junior,Muži,+110 kg,1,399.0,156.74,173,213,386,63.0,91.0,44.0,70.0,184.0,82.2,81.8,,,,,,,,,,391.45
Junior,Muži,+110 kg,2,571.0,135.04,166,205,371,,,,,,,,,,,,,,,,,386.43
Junior,Muži,+110 kg,3,435.0,132.65,165,203,368,68.0,91.0,43.0,73.0,189.0,99.4,90.3,,41.82,3098.83,5960.05,8097.27,39.01,7661.54,3160.21,133.14,384.89
Junior,Muži,+110 kg,4,62.0,123.05,166,200,366,,,,,,,,,,,,,,,,,390.38
Junior,Muži,+110 kg,5,214.0,166.77,160,204,364,63.0,44.0,49.0,84.0,174.0,61.1,54.3,,,,,,,,,,366.55
Junior,Muži,+110 kg,6,557.0,160.8,160,202,362,61.0,65.0,46.0,81.0,143.0,66.3,80.1,,36.02,1811.37,10183.71,3599.56,35.76,3315.62,1522.81,56.35,365.94
Junior,Muži,+110 kg,7,204.0,148.49,159,196,355,,,,,,,,,,,,,,,,,362.93
Junior,Muži,+110 kg,8,406.0,144.12,149,192,341,,,,,,,,,,,,,,,,,350.46
Junior,Muži,+110 kg,9,341.0,148.63,150,187,337,,,,,,,,,,,,,,,,,344.48
Junior,Muži,+110 kg,10,189.0,142.68,149,185,334,62.0,82.0,47.0,71.0,171.0,76.0,65.7,,38.44,1732.92,4401.04,4076.26,34.71,4065.04,1939.02,77.71,343.91
Junior,Muži,+110 kg,11,876.0,122.83,146,180,326,68.0,91.0,44.0,68.0,182.5,64.4,72.7,,,,,,,,,,347.89
Junior,Muži,+110 kg,12,782.0,116.45,112,135,247,,,,,,,,,,,,,,,,,267.87
U23,Ženy,48 kg,1,802.0,47.49,73,100,173,,,,,,,,,,,,,,,,,277.14
U23,Ženy,48 kg,2,684.0,47.45,76,96,172,,,,,,,,,,,,,,,,,275.73
U23,Ženy,48 kg,3,244.0,47.56,77,89,166,,,,,,,,,,,,,,,,,265.61
U23,Ženy,48 kg,4,82.0,47.22,69,92,161,,,,,,,,,,,,,,,,,259.1
U23,Ženy,48 kg,5,530.0,47.89,70,83,153,58.0,79.0,26.5,50.0,157.5,32.7,29.6,,60.43,1911.27,7472.38,5389.52,47.14,4895.55,1998.41,72.21,243.46
U23,Ženy,48 kg,6,140.0,47.53,69,80,149,,,,,,,,,,,,,,,,,238.53
U23,Ženy,48 kg,7,694.0,47.58,60,78,138,55.0,74.0,28.0,51.0,150.5,31.2,38.7,,38.2,1516.59,3611.76,3602.02,36.02,3640.15,1589.8,62.74,220.74
U23,Ženy,53 kg,1,371.0,50.33,95,110,205,,,,,,,,,,,,,,,,,313.81
U23,Ženy,53 kg,2,768.0,52.94,89,102,191,,,,,,,,,,,,,,,,,281.56
U23,Ženy,53 kg,3,637.0,52.62,83,102,185,,,,,,,,,,,,,,,,,273.92
U23,Ženy,53 kg,4,554.0,52.41,80,103,183,56.0,78.0,27.0,53.0,151.0,31.6,31.0,,41.82,1595.01,7969.64,3260.02,39.28,3179.83,1397.69,111.91,271.76
U23,Ženy,53 kg,5,230.0,52.37,80,102,182,54.0,74.0,27.0,58.0,153.0,34.1,36.6,,40.7,2003.22,7144.02,4851.81,40.12,4789.3,2021.6,70.57,270.43
U23,Ženy,53 kg,6,823.0,53.0,74,102,176,56.0,44.0,30.0,54.0,157.0,38.0,injury,,,,,,,,,,259.23
U23,Ženy,53 kg,7,914.0,52.48,65,77,142,,,,,,,,,,,,,,,,,210.67
U23,Ženy,53 kg,8,549.0,51.52,56,76,132,,,,,,,,,,,,,,,,,198.53
U23,Ženy,58 kg,1,443.0,57.79,95,115,210,,,,,,,,,,,,,,,,,291.18
U23,Ženy,58 kg,2,30.0,57.9,86,103,189,,,,,,,,,,,,,,,,,261.73
U23,Ženy,58 kg,3,744.0,57.85,83,106,189,,,,,,,,,,,,,,,,,261.88
U23,Ženy,58 kg,4,370.0,57.88,82,103,185,56.0,74.0,32.0,59.0,152.5,43.9,44.1,,30.17,1492.88,1839.17,3247.43,31.15,3252.75,1498.71,59.78,256.25
U23,Ženy,58 kg,5,540.0,57.82,84,98,182,58.0,81.0,29.0,54.0,162.0,43.4,44.7,P46.4,,,,,,,,,252.27
U23,Ženy,58 kg,6,248.0,57.71,82,98,180,62.0,86.0,28.0,52.0,169.0,39.5,36.8,,,,,,,,,,249.82
U23,Ženy,58 kg,7,364.0,57.76,81,98,179,,,,,,,,,,,,,,,,,248.29
U23,Ženy,58 kg,8,945.0,57.51,74,92,166,57.0,82.0,30.0,57.0,159.5,40.6,37.3,,,,,,,,,,230.92
U23,Ženy,58 kg,9,494.0,57.59,73,91,164,59.0,75.0,29.0,56.0,160.0,41.1,29.9,P47.3,,,,,,,,,227.93
U23,Ženy,58 kg,10,21.0,57.87,72,87,159,,,,,,,,,,,,,,,,,220.26
U23,Ženy,58 kg,11,414.0,57.38,69,87,156,56.0,44.0,29.0,58.0,156.5,36.5,31.0,L32.5,32.65,1454.79,6255.28,2879.35,28.25,4466.26,2072.11,85.16,217.34
U23,Ženy,63 kg,1,935.0,62.54,100,119,219,,,,,,,,,,,,,,,,,288.66
U23,Ženy,63 kg,2,849.0,62.82,96,120,216,,,,,,,,,,,,,,,,,283.93
U23,Ženy,63 kg,3,671.0,62.33,98,114,212,,,,,,,,,,,,,,,,,280.01
U23,Ženy,63 kg,4,840.0,62.32,97,114,211,54.0,74.0,31.0,60.0,150.0,45.6,44.6,,38.73,1545.2,4360.74,3599.05,34.97,2897.07,1339.88,52.63,278.72
U23,Ženy,63 kg,5,771.0,62.85,91,118,209,,,,,,,,,,,,,,,,,274.65
U23,Ženy,63 kg,6,168.0,61.79,90,119,209,,,,,,,,,,,,,,,,,277.54
U23,Ženy,63 kg,7,390.0,62.82,87,110,197,57.0,44.0,33.0,59.0,155.0,57.6,54.3,,,,,,,,,,258.95
U23,Ženy,63 kg,8,809.0,62.34,81,102,183,59.0,44.0,31.0,59.0,163.0,31.1,31.7,,,,,,,,,,241.68
U23,Ženy,63 kg,9,697.0,62.77,80,101,181,60.0,84.0,29.0,57.0,168.5,38.3,30.7,,,,,,,,,,238.04
U23,Ženy,63 kg,10,614.0,61.75,82,98,180,,,,,,,,,,,,,,,,,239.13
U23,Ženy,63 kg,11,218.0,61.73,75,95,170,57.0,76.0,31.0,59.0,159.0,44.4,43.1,P43.6,37.09,1409.58,4810.74,2714.59,27.09,2986.7,1345.48,49.27,225.89
U23,Ženy,63 kg,12,445.0,62.89,68,96,164,60.0,77.0,30.0,58.0,161.0,48.0,39.3,,31.89,1062.76,2537.74,2289.76,28.73,2907.01,1496.24,45.23,215.43
U23,Ženy,69 kg,1,947.0,68.4,99,121,220,56.0,84.0,32.5,64.0,163.5,,,,,,,,,,,,275.2
U23,Ženy,69 kg,2,393.0,68.96,98,122,220,,,,,,,,,,,,,,,,,273.97
U23,Ženy,69 kg,3,155.0,68.93,100,119,219,,,,,,,,,,,,,,,,,272.79
U23,Ženy,69 kg,4,584.0,68.6,94,113,207,,,,,,,,,,,,,,,,,258.52
U23,Ženy,69 kg,5,298.0,68.9,89,116,205,,,,,,,,,,,,,,,,,255.41
U23,Ženy,69 kg,6,631.0,66.75,90,109,199,,,,,,,,,,,,,,,,,252.37
U23,Ženy,69 kg,7,606.0,67.47,84,112,196,56.0,76.0,32.5,64.0,155.5,43.0,43.0,,,,,,,,,,247.06
U23,Ženy,69 kg,8,753.0,67.88,88,107,195,54.0,44.0,32.0,63.0,156.5,42.7,34.6,P31.2,,,,,,,,,244.97
U23,Ženy,69 kg,9,107.0,68.17,85,110,195,61.0,84.0,33.0,62.0,164.5,,,,,,,,,,,,244.39
U23,Ženy,69 kg,10,673.0,66.59,83,108,191,58.0,82.0,33.0,60.0,161.5,37.9,36.1,,39.84,1799.09,7171.44,4233.61,36.83,3713.97,1519.81,68.59,242.56
U23,Ženy,69 kg,11,19.0,68.32,86,103,189,,,,,,,,,,,,,,,,,236.58
U23,Ženy,69 kg,12,151.0,68.89,85,104,189,59.0,78.0,34.0,64.0,159.0,42.3,36.6,,,,,,,,,,235.5
U23,Ženy,69 kg,13,638.0,68.65,81,91,172,60.0,83.0,33.0,64.0,171.5,47.7,42.7,,29.68,1316.8,2903.84,2776.27,29.44,2929.05,1481.16,66.07,214.73
U23,Ženy,69 kg,14,99.0,68.14,70,86,156,59.0,79.0,32.0,56.0,161.2,43.7,37.7,46.9P,40.12,1875.78,10139.13,3658.49,35.76,3710.19,1604.46,68.88,195.56
U23,Ženy,77 kg,1,83.0,75.5,100,131,231,40.0,83.0,35.0,64.0,161.0,53.9,52.5,,,,,,,,,,274.51
U23,Ženy,77 kg,2,251.0,76.56,108,122,230,56.0,79.0,34.0,64.0,164.4,44.9,43.8,,48.69,2527.02,9851.41,6512.04,46.53,6667.14,3043.26,94.92,271.5
U23,Ženy,77 kg,3,161.0,76.61,101,126,227,58.0,82.0,34.0,67.0,166.0,,,,,,,,,,,,267.87
U23,Ženy,77 kg,4,271.0,72.94,100,118,218,57.0,74.0,34.0,59.0,164.0,,,,,,,,,,,,263.55
U23,Ženy,77 kg,5,764.0,76.97,95,123,218,64.0,83.0,37.0,63.0,168.0,47.1,47.4,,,,,,,,,,256.68
U23,Ženy,77 kg,6,492.0,73.96,92,114,206,,,,,,,,,,,,,,,,,247.3
U23,Ženy,77 kg,7,846.0,74.38,89,110,199,,,,,,,,,,,,,,,,,238.23
U23,Ženy,77 kg,8,641.0,73.34,84,110,194,,,,,,,,,,,,,,,,,233.88
U23,Ženy,77 kg,9,162.0,71.39,84,105,189,56.0,48.0,33.5,62.0,159.0,47.4,43.3,,34.97,1506.62,3994.83,3526.04,32.38,3437.1,1530.6,83.44,231.04
U23,Ženy,77 kg,10,78.0,76.11,81,106,187,61.0,81.0,31.5,68.0,165.0,42.7,45.3,,39.01,1911.75,8284.71,4458.9,35.76,4360.65,1888.87,76.88,221.36
U23,Ženy,77 kg,11,928.0,72.88,74,107,181,63.0,89.0,31.0,64.0,170.5,41.4,49.0,,53.09,1514.81,3344.12,4362.81,46.83,4784.86,2036.62,61.47,218.91
U23,Ženy,77 kg,12,558.0,76.61,80,99,179,,,,,,,,,,,,,,,,,211.23
U23,Ženy,77 kg,13,998.0,75.38,76,100,176,,,,,,,,,,,,,,,,,209.31
U23,Ženy,86 kg,1,25.0,85.85,102,130,232,55.0,81.0,37.0,63.0,162.5,53.3,54.4,,,,,,,,,,260.49
U23,Ženy,86 kg,2,348.0,85.5,101,120,221,,,,,,,,,,,,,,,,,248.54
U23,Ženy,86 kg,3,289.0,77.52,95,115,210,,,,,,,,,,,,,,,,,246.43
U23,Ženy,86 kg,4,152.0,85.71,91,111,202,,,,,,,,,,,,,,,,,226.95
U23,Ženy,+86 kg,1,417.0,86.74,106,135,241,56.0,85.0,36.0,68.0,162.0,49.3,47.0,,,,,,,,,,269.49
U23,Ženy,+86 kg,2,997.0,98.46,110,130,240,,,,,,,,,,,,,,,,,256.81
U23,Ženy,+86 kg,3,403.0,93.44,109,126,235,,,,,,,,,,,,,,,,,255.74
U23,Ženy,+86 kg,4,71.0,93.02,98,120,218,55.0,78.0,37.0,63.0,162.0,36.9,37.6,,30.41,2102.93,1038.11,4390.95,29.68,4312.25,2169.18,93.97,237.6
U23,Ženy,+86 kg,5,509.0,94.44,96,121,217,,,,,,,,,,,,,,,,,235.3
U23,Ženy,+86 kg,6,333.0,135.27,98,118,216,,,,,,,,,,,,,,,,,217.2
U23,Ženy,+86 kg,7,163.0,86.13,95,115,210,,,,,,,,,,,,,,,,,235.48
U23,Ženy,+86 kg,8,499.0,96.01,92,113,205,61.0,82.0,35.0,69.0,171.0,45.0,44.6,,39.84,2469.49,11654.65,4967.1,36.56,4784.78,2110.13,95.22,221.1
U23,Muži,60 kg,1,281.0,59.76,120,147,267,61.0,80.0,33.0,48.0,166.5,61.0,55.4,,,,,,,,,,411.99
U23,Muži,60 kg,2,447.0,59.43,113,146,259,,,,,,,,,,,,,,,,,401.28
U23,Muži,60 kg,3,596.0,58.46,114,137,251,59.0,79.0,30.0,54.5,160.0,50.7,44.9,L35.4,49.6,1593.47,2108.7,4206.89,45.93,4256.42,1639.5,59.97,393.69
U23,Muži,60 kg,4,972.0,59.75,110,141,251,60.0,78.0,33.0,51.0,165.5,54.0,50.2,,43.27,1583.73,5205.85,3675.2,41.25,4024.77,1806.98,47.68,387.34
U23,Muži,60 kg,5,916.0,59.53,115,135,250,,,,,,,,,,,,,,,,,386.86
U23,Muži,60 kg,6,524.0,55.23,104,128,232,57.0,76.0,29.0,53.0,167.5,48.7,46.9,,55.72,1661.63,6563.25,4895.1,49.6,4522.66,1883.36,51.66,380.16
U23,Muži,60 kg,7,467.0,59.64,98,131,229,57.0,42.0,33.0,49.0,157.0,51.1,40.1,,37.64,1649.18,5912.14,3599.82,35.23,3498.39,1619.26,61.73,353.88
U23,Muži,60 kg,8,657.0,59.4,100,120,220,64.0,84.0,31.0,50.0,168.0,60.4,56.5,,58.72,1820.62,7148.49,4520.9,55.71,4402.87,1563.96,63.62,340.98
U23,Muži,65 Kg,1,119.0,64.79,134,165,299,62.0,78.0,34.0,56.0,166.5,60.7,55.6,,63.57,1996.55,7166.19,5397.82,58.38,5139.04,1718.86,65.11,435.54
U23,Muži,65 Kg,2,736.0,64.3,133,155,288,62.0,79.0,34.0,51.0,166.0,50.4,49.4,,61.47,1793.02,4435.33,5263.12,58.04,5696.64,2042.9,66.76,421.72
U23,Muži,65 Kg,3,354.0,64.91,124,154,278,,,,,,,,,,,,,,,,,404.44
U23,Muži,65 Kg,4,617.0,64.85,123,153,276,60.0,70.0,31.0,56.5,167.0,60.3,64.7,65.2,51.49,2000.18,1749.86,5443.65,50.54,5417.03,2069.81,65.82,401.78
U23,Muži,65 Kg,5,312.0,64.33,101,125,226,60.0,44.0,33.0,51.0,168.0,50.0,51.4,,,,,,,,,,330.83
U23,Muži,65 Kg,6,125.0,64.89,97,110,207,,,,,,,,,,,,,,,,,301.21
U23,Muži,71 Kg,1,894.0,70.87,150,190,340,,,,,,,,,,,,,,,,,466.84
U23,Muži,71 Kg,2,395.0,70.61,151,183,334,59.0,71.0,39.0,60.0,161.5,64.6,66.6,,49.59,2108.61,5129.11,5477.85,44.44,5398.4,2375.54,73.13,459.67
U23,Muži,71 Kg,3,316.0,70.87,145,182,327,,,,,,,,,,,,,,,,,448.99
U23,Muži,71 Kg,4,559.0,70.87,130,170,300,61.0,70.0,33.0,62.1,159.0,59.9,57.2,P74.0,53.41,2002.31,7034.02,4976.0,43.85,5116.06,2379.05,68.92,411.91
U23,Muži,71 Kg,5,153.0,70.6,132,154,286,,,,,,,,,,,,,,,,,393.64
U23,Muži,71 Kg,6,610.0,69.79,128,155,283,61.0,82.0,35.0,56.0,170.0,69.6,62.7,,56.7,1694.29,3356.76,4962.28,32.15,3154.32,1512.94,60.45,392.39
U23,Muži,71 Kg,7,181.0,70.8,125,150,275,65.0,81.0,34.0,57.0,169.0,57.1,57.9,,,,,,,,,,377.82
U23,Muži,71 Kg,8,22.0,70.35,124,150,274,61.0,79.0,33.0,62.0,170.5,60.7,60.7,,44.44,1859.37,7270.41,4764.21,36.02,3561.73,1489.42,62.97,377.97
U23,Muži,71 Kg,9,400.0,71.0,120,139,259,62.0,81.0,32.5,58.0,169.0,31.8,30.2,,44.42,2068.27,6299.93,4751.91,45.93,4755.98,2035.06,72.07,355.21
U23,Muži,71 Kg,9,400.0,71.0,120,139,259,62.0,81.0,32.5,58.0,169.0,51.5,51.9,,44.42,2068.27,6299.93,4751.91,45.93,4755.98,2035.06,72.07,355.21
U23,Muži,71 Kg,9,400.0,71.0,120,139,259,59.0,82.0,35.0,63.0,161.5,31.8,30.2,,44.42,2068.27,6299.93,4751.91,45.93,4755.98,2035.06,72.07,355.21
U23,Muži,71 Kg,9,400.0,71.0,120,139,259,59.0,82.0,35.0,63.0,161.5,51.5,51.9,,44.42,2068.27,6299.93,4751.91,45.93,4755.98,2035.06,72.07,355.21
U23,Muži,79 Kg,1,402.0,78.75,147,180,327,63.0,81.0,38.0,62.0,170.5,75.0,68.9,,56.04,2641.11,13363.88,5700.01,46.23,6051.26,2892.82,76.95,421.56
U23,Muži,79 Kg,2,267.0,72.91,148,175,323,,,,,,,,,,,,,,,,,435.74
U23,Muži,79 Kg,3,238.0,78.76,148,171,319,,,,,,,,,,,,,,,,,411.22
U23,Muži,79 Kg,4,127.0,78.55,144,174,318,63.0,84.0,37.5,58.0,172.0,71.9,71.4,,,,,,,,,,410.55
U23,Muži,79 Kg,5,789.0,78.24,147,169,316,,,,,,,,,,,,,,,,,408.88
U23,Muži,79 Kg,6,166.0,77.82,140,170,310,60.0,84.0,35.0,59.0,142.0,60.3,57.5,,,,,,,,,,402.35
U23,Muži,79 Kg,7,375.0,78.12,140,170,310,,,,,,,,,,,,,,,,,401.47
U23,Muži,79 Kg,8,678.0,78.0,144,165,309,62.0,83.0,37.0,61.0,171.5,,51.5,,39.84,1868.64,1821.94,4392.98,55.38,5520.55,1957.91,77.97,400.53
U23,Muži,79 Kg,9,429.0,78.92,134,155,289,,,,,,,,,,,,,,,,,372.12
U23,Muži,79 Kg,10,154.0,78.77,123,145,268,61.0,89.0,38.5,62.0,174.0,69.7,71.1,,60.77,2246.16,8197.58,5721.52,53.41,5619.23,2106.33,96.96,345.45
U23,Muži,79 Kg,11,397.0,78.75,120,145,265,57.0,82.0,38.5,61.0,168.0,64.1,58.5,,,,,,,,,,341.63
U23,Muži,88 Kg,1,715.0,86.63,161,196,357,,,,,,,,,,,,,,,,,437.35
U23,Muži,88 Kg,2,113.0,87.85,160,196,356,,,,,,,,,,,,,,,,,433.09
U23,Muži,88 Kg,3,360.0,87.85,161,193,354,67.0,84.0,39.0,65.5,148.5,58.5,57.1,,,,,,,,,,430.65
U23,Muži,88 Kg,4,877.0,85.21,140,180,320,,,,,,67.6,63.4,,54.06,2376.75,8453.67,6086.05,53.41,6296.09,2367.06,85.41,395.34
U23,Muži,88 Kg,5,598.0,83.34,140,179,319,,,,,,,,,,,,,,,,,398.7
U23,Muži,88 Kg,6,76.0,82.78,112,140,252,62.0,86.0,35.0,66.0,171.5,59.4,44.7,L65.0,47.14,2325.26,8941.72,5885.67,38.73,5606.83,2142.11,83.74,316.09
U23,Muži,94 Kg,1,15.0,94.0,162,201,363,58.0,80.0,42.0,69.0,164.0,72.0,71.6,,52.13,2539.65,3528.72,6531.08,49.62,6931.51,2811.73,77.64,427.64
U23,Muži,94 Kg,2,958.0,93.15,160,201,361,62.0,70.0,38.0,65.0,170.5,69.6,62.4,,55.71,2482.41,6282.69,6744.06,45.03,6317.89,2477.92,93.75,427.05
U23,Muži,94 Kg,3,893.0,92.14,156,197,353,61.0,84.0,38.5,68.0,174.5,62.2,56.4,,,,,,,,,,419.7
U23,Muži,94 Kg,4,43.0,92.2,165,187,352,,,,,,,,,,,,,,,,,418.38
U23,Muži,94 Kg,5,741.0,93.65,160,180,340,65.0,85.0,40.0,65.0,179.5,41.1,66.3,,48.98,2447.45,5454.2,6452.94,43.56,5772.04,2443.11,95.69,401.22
U23,Muži,94 Kg,6,36.0,93.36,155,185,340,,,,,,,,,,,,,,,,,401.79
U23,Muži,94 Kg,7,888.0,93.58,146,190,336,61.0,93.0,37.0,62.0,179.0,50.0,64.7,,,,,,,,,,396.64
U23,Muži,94 Kg,8,436.0,93.17,143,188,331,64.0,80.0,39.0,62.0,172.5,65.7,62.6,,,,,,,,,,391.52
U23,Muži,94 Kg,9,655.0,93.43,142,187,329,68.0,92.0,38.5,64.0,179.5,62.5,65.1,,,,,,,,,,388.66
U23,Muži,94 Kg,10,915.0,92.95,140,170,310,61.0,84.0,38.0,66.0,178.5,50.0,45.4,,,,,,,,,,367.08
U23,Muži,94 Kg,11,776.0,91.15,135,165,300,,,,,,,,,,,,,,,,,358.5
U23,Muži,110 Kg,1,334.0,108.04,182,215,397,68.0,86.0,42.0,65.0,146.5,80.0,64.6,,53.74,2933.26,6482.55,8122.34,35.22,6649.84,2911.87,109.18,441.75
U23,Muži,110 Kg,2,465.0,109.58,179,214,393,,,,,,,,,,,,,,,,,435.07
U23,Muži,110 Kg,3,448.0,108.73,178,210,388,,,,,,,,,,,,,,,,,430.74
U23,Muži,110 Kg,4,220.0,109.99,170,211,381,,,,,,,,,,,,,,,,,421.22
U23,Muži,110 Kg,5,971.0,108.96,173,205,378,,,,,,,,,,,,,,,,,419.32
U23,Muži,110 Kg,6,80.0,109.8,170,200,370,,,,,,,,,,,,,,,,,409.31
U23,Muži,110 Kg,7,648.0,109.09,162,190,352,64.0,86.0,42.0,68.0,177.0,74.6,42.0,,,,,,,,,,390.31
U23,Muži,110 Kg,8,428.0,108.18,150,200,350,61.0,86.0,43.0,64.0,177.5,48.1,44.2,,,,,,,,,,389.27
U23,Muži,110 Kg,9,427.0,108.16,152,193,345,65.0,86.0,41.0,69.0,174.5,68.1,67.3,,48.36,3017.2,18598.73,5413.31,43.25,5534.64,2256.89,94.56,383.73
U23,Muži,110 Kg,10,760.0,109.65,157,187,344,,,,,,,,,,,,,,,,,380.74
U23,Muži,110 Kg,11,391.0,100.89,140,172,312,58.0,81.0,32.5,67.0,162.5,51.7,46.0,,35.49,2045.92,9150.28,3906.95,30.66,3609.4,1765.51,77.3,356.51
U23,Muži,110 Kg,12,184.0,101.92,127,156,283,70.0,92.0,40.5,68.0,185.0,73.3,65.9,,49.6,2316.53,5354.68,6456.54,42.69,5983.05,2268.22,101.92,322.04
U23,Muži,+110 Kg,1,352.0,128.51,168,216,384,66.0,86.0,45.0,70.0,186.0,96.5,90.5,,,,,,,,,,404.79
U23,Muži,+110 Kg,2,301.0,126.16,180,203,383,41.0,92.0,41.0,65.0,191.5,71.6,71.4,,,,,,,,,,405.7
U23,Muži,+110 Kg,3,203.0,110.87,168,211,379,63.0,82.0,42.0,69.0,142.0,58.4,58.6,,,,,,,,,,417.84
U23,Muži,+110 Kg,4,186.0,159.37,166,210,376,,,,,,,,,,,,,,,,,380.5
U23,Muži,+110 Kg,5,541.0,120.99,164,204,368,,,,,,,,,,,,,,,,,394.44
U23,Muži,+110 Kg,6,291.0,144.61,158,186,344,,,,,,,,,,,,,,,,,353.32
U23,Muži,+110 Kg,7,565.0,156.65,163,180,343,,,,,,,,,,,,,,,,,347.87
U23,Muži,+110 Kg,8,229.0,154.88,144,192,336,67.0,94.0,50.0,78.0,191.0,44.9,65.1,,40.97,1513.22,5813.29,3865.24,35.23,3888.57,1754.15,62.77,341.3
U23,Muži,+110 Kg,9,232.0,110.3,139,188,327,,,,,,,,,,,,,,,,,361.16
U23,Muži,+110 Kg,10,968.0,110.02,140,170,310,68.0,91.0,40.0,66.0,186.5,70.9,70.0,,53.09,2725.15,9601.66,6719.4,45.63,6457.32,2444.69,57.83,342.69
